Asteroid,Catch Time,Throw Time,Caught,Thrown,Into Sun
1,1.683337,0.6333346,1,1,1
2,1.283336,0.4500009,1,1,1
3,1.51667,0.2833339,1,1,0
4,1.700003,0.6000012,1,1,1
5,2.116671,0.6833347,1,1,1
6,6.083345,0,0,0,0
7,6.100012,0,0,0,0
8,6.016679,0,0,0,1
9,8.783351,0,0,0,0
