Asteroid,Catch Time,Throw Time,Caught,Thrown,Into Sun
1,1.016669,0.5666678,1,1,1
2,1.6,0,0,0,0
3,1.6,0,0,0,0
4,0.7166681,0.6333346,1,1,1
5,1.6,0,0,0,0
6,1.083336,0.4500009,1,1,1
7,0.8666684,0.5500011,1,1,1
